{
  "eye": {
    "orientation": [
      0,
      0,
      0.9998752474784851,
      -0.01579792983829975
    ],
    "magnitude": 1,
    "position": [
      0,
      0,
      0
    ]
  },
  "radius": 512,
  "type": "TWO_D"
}