{
  "eye": {
    "orientation": [
      -0.3008711338043213,
      -0.47000694274902344,
      0.041670795530080795,
      0.8287542462348938
    ],
    "magnitude": 0.5257012248039246,
    "position": [
      -256.2684326171875,
      146.4495086669922,
      120.17556762695312
    ]
  },
  "radius": 183.99542236328125,
  "type": "ORTHOGRAPHIC"
}