{
  "eye": {
    "orientation": [
      0.4169163703918457,
      -0.04606848582625389,
      -0.056247491389513016,
      0.9060324430465698
    ],
    "magnitude": 3.6161792278289795,
    "position": [
      -285.5528564453125,
      -1644.580810546875,
      1421.099609375
    ]
  },
  "radius": 1265.6627197265625,
  "type": "ORTHOGRAPHIC"
}