{
  "eye": {
    "orientation": [
      -0.10880609601736069,
      -0.6884042620658875,
      -0.04403981938958168,
      0.7157662510871887
    ],
    "magnitude": 0.5411630272865295,
    "position": [
      -305.4583740234375,
      101.76062774658203,
      -50.08835983276367
    ]
  },
  "radius": 183.99542236328125,
  "type": "ORTHOGRAPHIC"
}