{
  "eye": {
    "orientation": [
      -0.6504279971122742,
      -0.05932249873876572,
      0.7164089679718018,
      0.24532118439674377
    ],
    "magnitude": 0.5257012248039246,
    "position": [
      -306.2294006347656,
      74.68963623046875,
      46.99026870727539
    ]
  },
  "radius": 183.99542236328125,
  "type": "ORTHOGRAPHIC"
}