{
  "eye": {
    "orientation": [
      0.2371891289949417,
      -0.03895382210612297,
      -0.11261953413486481,
      0.9641269445419312
    ],
    "magnitude": 0.3333333432674408,
    "position": [
      -22.265594482421875,
      -77.63426208496094,
      153.22256469726562
    ]
  },
  "radius": 100,
  "type": "ORTHOGRAPHIC"
}