{
  "eye": {
    "orientation": [
      0.9751360416412354,
      -0.08751378208398819,
      -0.13488806784152985,
      0.1525004506111145
    ],
    "magnitude": 0.2857142984867096,
    "position": [
      -50.19083023071289,
      -47.435707092285156,
      -158.8419647216797
    ]
  },
  "radius": 100,
  "type": "ORTHOGRAPHIC"
}