{
  "eye": {
    "orientation": [
      0,
      0,
      0,
      1
    ],
    "magnitude": 0.27121585607528687,
    "position": [
      0,
      0,
      164.41587829589844
    ]
  },
  "radius": 94.92555236816406,
  "type": "ORTHOGRAPHIC"
}