{
  "eye": {
    "orientation": [
      -0.5291884541511536,
      -0.6203398704528809,
      0.35471975803375244,
      0.4575062692165375
    ],
    "magnitude": 0.2857142984867096,
    "position": [
      -163.35107421875,
      7.586086750030518,
      -57.0870246887207
    ]
  },
  "radius": 100,
  "type": "ORTHOGRAPHIC"
}